elapsedMillis,actionKeyword,accelerometerAccelerationX,accelerometerAccelerationY,accelerometerAccelerationZ,gyroRotationX,gyroRotationY,gyroRotationZ,magnetometerX,magnetometerY,magnetometerZ,motionYaw,motionRoll,motionPitch,motionRotationRateX,motionRotationRateY,motionRotationRateZ,motionUserAccelerationX,motionUserAccelerationY,motionUserAccelerationZ,motionGravityX,motionGravityY,motionGravityZ,motionMagneticFieldX,motionMagneticFieldY,motionMagneticFieldZ,label
228,sit_to_stand,-6.19605,-1.5799501,-8.160001,0.0,0.0,0.0,0.0,0.0,0.0,0.0,0.0,0.0,0.0,0.0,0.0,0.0,0.0,0.0,0.0,0.0,0.0,0.0,0.0,0.0,sit_to_stand
246,sit_to_stand,-6.31395,-1.8019501,-8.193001,0.100099996,0.102437496,0.088,18.862501,-20.456251,-6.6937504,-109.218956,142.98608,13.040546,0.100099996,0.102437496,0.088,-0.287932,-0.121541,-0.131456,-5.980046,-1.725978,-7.578244,18.862501,-20.456251,-6.6937504,sit_to_stand
263,sit_to_stand,-6.4740005,-1.8960001,-7.59,0.0829125,0.335775,0.063525,18.2625,-19.21875,-4.55625,-109.10386,143.04257,12.91224,0.0829125,0.335775,0.063525,-0.159496,-0.145575,0.025617,-5.969527,-1.728514,-7.585916,18.2625,-19.21875,-4.55625,sit_to_stand
282,sit_to_stand,-6.282,-1.7659501,-7.4119506,0.1098625,0.2784375,0.1148125,17.681252,-17.90625,-2.5875,-108.95344,143.06976,12.815731,0.1098625,0.2784375,0.1148125,0.032117,-0.116557,0.174905,-5.947207,-1.737722,-7.601307,17.681252,-17.90625,-2.5875,sit_to_stand
301,sit_to_stand,-5.8710003,-1.8070501,-7.4890504,0.15015,0.0902,0.16005,17.025002,-16.5,-0.71250004,-108.52397,143.07253,12.615364,0.15015,0.0902,0.16005,0.136432,-0.087443,0.140892,-5.936249,-1.743354,-7.608609,17.025002,-16.5,-0.71250004,sit_to_stand
321,sit_to_stand,-5.373,-2.0989501,-8.145,0.124437496,0.1219625,0.100237496,16.03125,-14.981251,1.7812501,-108.35857,143.24265,12.589231,0.124437496,0.1219625,0.100237496,0.231278,-0.071203,0.070497,-5.923045,-1.749873,-7.61743,16.03125,-14.981251,1.7812501,sit_to_stand
338,sit_to_stand,-5.6070004,-2.08695,-8.239051,0.0719125,0.23925,0.035475,13.593751,-12.843751,6.8625,-108.272385,143.54114,12.608164,0.0719125,0.23925,0.035475,0.234711,-0.079709,0.014688,-5.884261,-1.770833,-7.642369,13.593751,-12.843751,6.8625,sit_to_stand
354,sit_to_stand,-5.892,-2.013,-8.136001,0.0353375,0.3174875,0.0097624995,13.593751,-12.843751,6.8625,-108.21942,143.87212,12.615481,0.0353375,0.3174875,0.0097624995,0.05981,-0.045852,0.050953,-5.855761,-1.785443,-7.660569,13.593751,-12.843751,6.8625,sit_to_stand
370,sit_to_stand,-5.9380503,-2.0629501,-7.9510503,0.0231,0.3553,0.0292875,12.375001,-11.8125,9.375,-108.109245,144.40747,12.533475,0.0231,0.3553,0.0292875,0.032147,-0.035347,0.071308,-5.821613,-1.799925,-7.68292,12.375001,-11.8125,9.375,sit_to_stand
387,sit_to_stand,-5.87295,-2.15895,-8.061001,0.020624999,0.362725,0.0512875,9.31875,-10.556251,14.212501,-108.05324,144.66603,12.500964,0.020624999,0.362725,0.0512875,0.047205,-0.039512,0.046301,-5.781242,-1.815617,-7.709532,9.31875,-10.556251,14.212501,sit_to_stand
403,sit_to_stand,-5.6839504,-2.2090502,-8.15205,0.009625,0.3639625,0.057475,7.8,-10.462501,16.800001,-108.00727,144.96472,12.485927,0.009625,0.3639625,0.057475,0.067284,-0.042939,-0.008771,-5.734948,-1.833174,-7.739928,7.8,-10.462501,16.800001,sit_to_stand
423,sit_to_stand,-5.8180504,-1.845,-8.13105,-0.04895,0.29425,0.013475,6.39375,-10.05,19.518751,-107.97585,145.24521,12.426138,-0.04895,0.29425,0.013475,0.085433,-0.031937,-0.042008,-5.686262,-1.85074,-7.771725,6.39375,-10.05,19.518751,sit_to_stand
442,sit_to_stand,-5.6650505,-1.6489501,-7.5709505,-0.08195,0.1904375,0.0097624995,4.78125,-9.675,22.0125,-107.965,145.41545,12.282951,-0.08195,0.1904375,0.0097624995,0.048344,-0.001574,-0.051134,-5.603099,-1.869538,-7.827665,4.78125,-9.675,22.0125,sit_to_stand
461,sit_to_stand,-5.643,-1.55805,-7.8940506,-0.0759,0.0682,0.0037125,3.075,-9.431251,24.4125,-107.95912,145.51051,11.88338,-0.0759,0.0682,0.0037125,0.010222,0.024865,-0.029561,-5.572298,-1.869068,-7.849856,3.075,-9.431251,24.4125,sit_to_stand
481,sit_to_stand,-5.406,-1.3090501,-7.662,-0.0429,0.0438625,-0.0072875,1.35,-9.168751,26.737501,-107.968704,145.52469,11.641453,-0.0429,0.0438625,-0.0072875,-0.001758,0.058624,0.007978,-5.547217,-1.861246,-7.869553,1.35,-9.168751,26.737501,sit_to_stand
498,sit_to_stand,-5.1000004,-1.21605,-7.8199506,0.014575,0.031625,-0.036575,-1.9125,-8.71875,31.893751,-107.98256,145.522,11.421986,0.014575,0.031625,-0.036575,0.016077,0.080634,0.039216,-5.515973,-1.821283,-7.900825,-1.9125,-8.71875,31.893751,sit_to_stand
514,sit_to_stand,-5.2980003,-1.23,-7.7959504,0.0633875,0.0193875,-0.0878625,-1.9125,-8.71875,31.893751,-108.018715,145.61789,11.244646,0.0633875,0.0193875,-0.0878625,0.070157,0.101404,0.033506,-5.507683,-1.791706,-7.913333,-1.9125,-8.71875,31.893751,sit_to_stand
530,sit_to_stand,-5.3299503,-1.194,-7.6830006,0.10615,0.0011,-0.113575,-5.26875,-8.0625,36.768753,-108.0754,145.63025,11.03995,0.10615,0.0011,-0.113575,0.067793,0.113616,0.035947,-5.503112,-1.761277,-7.923352,-5.26875,-8.0625,36.768753,sit_to_stand
547,sit_to_stand,-5.1790504,-1.0339501,-7.6830006,0.1452,-0.0661375,-0.1172875,-6.9750004,-7.6125,39.09375,-108.09085,145.57678,10.946963,0.1452,-0.0661375,-0.1172875,0.067315,0.131078,0.04283,-5.500121,-1.731981,-7.931938,-6.9750004,-7.6125,39.09375,sit_to_stand
568,sit_to_stand,-5.2579503,-1.3980001,-7.5130506,0.1794375,-0.1859,-0.146575,-8.681251,-7.1625004,41.4375,-108.07998,145.47789,10.942017,0.1794375,-0.1859,-0.146575,0.066601,0.120383,0.049702,-5.498337,-1.705068,-7.939073,-8.681251,-7.1625004,41.4375,sit_to_stand
587,sit_to_stand,-5.394,-1.6350001,-7.25895,0.208725,-0.233475,-0.1758625,-10.387501,-6.675,43.800003,-108.05225,145.30025,11.043647,0.208725,-0.233475,-0.1758625,0.053858,0.048542,0.070011,-5.502971,-1.674735,-7.942412,-10.387501,-6.675,43.800003,sit_to_stand
607,sit_to_stand,-5.6580005,-1.7179501,-6.9289503,0.3260125,-0.2897125,-0.245575,-12.150001,-6.2812505,46.0125,-107.923134,144.54176,11.571076,0.3260125,-0.2897125,-0.245575,0.024838,0.013312,0.096697,-5.517182,-1.677067,-7.931916,-12.150001,-6.2812505,46.0125,sit_to_stand
623,sit_to_stand,-6.0979505,-1.644,-7.0750504,0.379775,-0.277475,-0.2479125,-13.8,-6.0,46.4625,-107.816734,144.02638,11.868105,0.379775,-0.277475,-0.2479125,-0.025641,-0.01045,0.094656,-5.54441,-1.691972,-7.909321,-13.8,-6.0,46.4625,sit_to_stand
640,sit_to_stand,-6.1990504,-1.3620001,-7.5490503,0.412775,-0.3287625,-0.2248125,-13.931251,-6.0,46.40625,-107.66694,143.52008,12.140755,0.412775,-0.3287625,-0.2248125,-0.076621,-0.023529,0.066477,-5.583762,-1.71682,-7.875538,-13.931251,-6.0,46.40625,sit_to_stand
659,sit_to_stand,-6.0810003,-1.3470001,-7.7719502,0.42625,-0.41305,-0.2173875,-13.312501,-5.71875,46.66875,-107.4991,143.06517,12.3330965,0.42625,-0.41305,-0.2173875,-0.108954,-0.020998,0.050583,-5.690751,-1.786587,-7.781802,-13.312501,-5.71875,46.66875,sit_to_stand
675,sit_to_stand,-6.5530505,-1.5130501,-7.5850506,0.41525,-0.4217125,-0.2308625,-13.312501,-5.71875,46.66875,-107.348114,142.64017,12.511226,0.41525,-0.4217125,-0.2308625,-0.138313,-0.03272,0.025305,-5.753676,-1.825033,-7.726416,-13.312501,-5.71875,46.66875,sit_to_stand
691,sit_to_stand,-7.4290504,-1.8049501,-7.3429503,0.4092,-0.3152875,-0.21133749,-13.2375,-5.4750004,46.706253,-106.90224,141.44221,12.970131,0.4092,-0.3152875,-0.21133749,-0.21941,-0.062521,0.041506,-5.823836,-1.862628,-7.664741,-13.2375,-5.4750004,46.706253,sit_to_stand
708,sit_to_stand,-8.04195,-1.8529501,-6.7780504,0.4409625,-0.2299,-0.1331,-13.25625,-5.3812504,46.6875,-106.45278,140.59698,13.241086,0.4409625,-0.2299,-0.1331,-0.298985,-0.072623,0.082608,-5.902266,-1.897466,-7.595614,-13.25625,-5.3812504,46.6875,sit_to_stand
727,sit_to_stand,-8.160001,-1.8360001,-6.5290504,0.6766375,-0.15895,0.022,-13.25625,-5.3812504,46.6875,-105.89048,139.73051,13.504357,0.6766375,-0.15895,0.022,-0.336818,-0.062811,0.106086,-5.98987,-1.929336,-7.517674,-13.25625,-5.3812504,46.6875,sit_to_stand
745,sit_to_stand,-6.6940503,-2.16105,-7.5079503,0.7610625,-0.0966625,0.0501875,-13.275001,-5.11875,46.706253,-105.259605,139.03964,13.788713,0.7610625,-0.0966625,0.0501875,-0.313523,-0.039642,0.093041,-6.084144,-1.959569,-7.432326,-13.275001,-5.11875,46.706253,sit_to_stand
762,sit_to_stand,-5.49195,-2.08695,-8.301001,0.7096375,-0.064899996,0.089237496,-13.275001,-4.96875,46.706253,-104.67372,138.835,14.178116,0.7096375,-0.064899996,0.089237496,-0.06953,-0.051219,-0.073068,-6.260377,-2.032469,-7.264371,-13.275001,-4.96875,46.706253,sit_to_stand
781,sit_to_stand,-4.662,-2.53005,-8.052,0.4580125,0.0584375,0.0477125,-13.25625,-4.78125,46.706253,-104.0091,139.67574,14.873828,0.4580125,0.0584375,0.0477125,0.078835,-0.087094,-0.081327,-6.317368,-2.076859,-7.204078,-13.25625,-4.78125,46.706253,sit_to_stand
800,sit_to_stand,-3.5860503,-2.69295,-9.02595,0.3724875,0.186725,0.030524999,-13.2375,-4.5750003,46.6875,-103.95316,140.50919,15.250638,0.3724875,0.186725,0.030524999,0.189692,-0.133343,-0.081776,-6.338736,-2.129659,-7.170903,-13.2375,-4.5750003,46.6875,sit_to_stand
820,sit_to_stand,-3.5460002,-2.5180502,-10.000951,0.2344375,0.1672,-0.0048125,-13.200001,-4.3875003,46.66875,-104.02507,141.61987,15.500058,0.2344375,0.1672,-0.0048125,0.329973,-0.143438,-0.225748,-6.234461,-2.25068,-7.220499,-13.200001,-4.3875003,46.66875,sit_to_stand
839,sit_to_stand,-4.14405,-2.5759501,-10.518001,-0.1967625,-0.3947625,-0.2248125,-13.1625,-3.9562502,46.631252,-104.16788,141.94594,15.654182,-0.1967625,-0.3947625,-0.2248125,0.378262,-0.124403,-0.326251,-6.136154,-2.309071,-7.284532,-13.1625,-3.9562502,46.631252,sit_to_stand
858,sit_to_stand,-7.34595,-2.2789502,-9.093,-0.36905,-0.7393375,-0.2773375,-13.125001,-3.7125,46.612503,-104.323364,141.62659,15.729126,-0.36905,-0.7393375,-0.2773375,0.332584,-0.098578,-0.389665,-6.035519,-2.359388,-7.353556,-13.125001,-3.7125,46.612503,sit_to_stand
877,sit_to_stand,-8.02095,-2.154,-7.53,-0.4362875,-0.97625,-0.234575,-13.06875,-3.4687502,46.612503,-104.522644,141.07948,15.753317,-0.4362875,-0.97625,-0.234575,0.083615,-0.067736,-0.232732,-5.900182,-2.426355,-7.446221,-13.06875,-3.4687502,46.612503,sit_to_stand
897,sit_to_stand,-8.04195,-2.0659502,-5.5950003,-0.12595,-0.978725,-0.207625,-12.993751,-3.2250001,46.59375,-104.381454,138.54576,15.622568,-0.12595,-0.978725,-0.207625,-0.049399,-0.030065,0.014394,-5.901624,-2.432039,-7.443114,-12.993751,-3.2250001,46.59375,sit_to_stand
915,sit_to_stand,-8.35095,-2.0700002,-3.6850502,0.27719998,-0.87615,-0.163625,-12.76875,-2.7562501,46.575,-103.90523,136.48944,15.793531,0.27719998,-0.87615,-0.163625,-0.216481,-0.014527,0.306945,-5.977296,-2.423663,-7.380912,-12.76875,-2.7562501,46.575,sit_to_stand
931,sit_to_stand,-6.7950006,-1.5820501,-5.6740503,0.7170625,-1.0495375,-0.1013375,-12.76875,-2.7562501,46.575,-103.080864,134.38559,16.147942,0.7170625,-1.0495375,-0.1013375,-0.339724,0.036082,0.458012,-6.125559,-2.414251,-7.252972,-12.76875,-2.7562501,46.575,sit_to_stand
947,sit_to_stand,-5.931,-2.1090002,-7.209,0.90021247,-1.4124,-0.190575,-12.450001,-2.1750002,46.537502,-102.24241,133.28992,16.683537,0.90021247,-1.4124,-0.190575,-0.35858,0.090555,0.391963,-6.499151,-2.412738,-6.907305,-12.450001,-2.1750002,46.537502,sit_to_stand
963,sit_to_stand,-5.7510004,-2.607,-7.1470504,0.8966375,-1.4100626,-0.323675,-12.225,-1.81875,46.518753,-101.46454,132.42854,17.386726,0.8966375,-1.4100626,-0.323675,-0.336801,0.08232,0.326314,-6.684756,-2.433358,-6.723022,-12.225,-1.81875,46.518753,sit_to_stand
979,sit_to_stand,-7.3380003,-3.01605,-8.33205,0.9211125,-1.0044374,-0.4349125,-12.225,-1.81875,46.518753,-100.973335,131.79352,18.177721,0.9211125,-1.0044374,-0.4349125,-0.369447,-0.013726,0.322854,-6.854372,-2.477739,-6.541701,-12.225,-1.81875,46.518753,sit_to_stand
995,sit_to_stand,-8.81805,-3.59805,-7.3240504,0.8465875,-0.5878125,-0.42267498,-11.7375,-1.03125,46.518753,-100.35798,130.63982,19.601759,0.8465875,-0.5878125,-0.42267498,-0.372849,-0.088109,0.35631,-6.993338,-2.547452,-6.373795,-11.7375,-1.03125,46.518753,sit_to_stand
1011,sit_to_stand,-8.03505,-3.8850002,-4.7790003,0.870925,-0.310475,-0.306625,-11.7375,-1.03125,46.518753,-100.35798,130.63982,19.601759,0.870925,-0.310475,-0.306625,-0.232215,-0.153594,0.460643,-7.090224,-2.635362,-6.234318,-11.7375,-1.03125,46.518753,sit_to_stand
1027,sit_to_stand,-6.8569503,-4.29495,-3.867,1.4353625,-0.757625,-0.3053875,-11.493751,-0.6,46.518753,-98.85561,128.69336,21.735798,1.4353625,-0.757625,-0.3053875,-0.038315,-0.218962,0.451674,-7.148991,-2.74997,-6.11548,-11.493751,-0.6,46.518753,sit_to_stand
1043,sit_to_stand,-5.33895,-4.88805,-5.6260505,1.461075,-1.182775,-0.4703875,-10.950001,0.43125,46.3875,-98.00936,127.98632,23.394321,1.461075,-1.182775,-0.4703875,0.151843,-0.29946,0.221606,-7.185357,-2.900583,-5.997643,-10.950001,0.43125,46.3875,sit_to_stand
1059,sit_to_stand,-5.13105,-5.47695,-6.7900505,1.2925,-1.1400125,-0.62796247,-10.63125,1.0125,46.3125,-97.608826,127.49768,25.00664,1.2925,-1.1400125,-0.62796247,0.287654,-0.37643,-0.091518,-7.200475,-3.090699,-5.877545,-10.63125,1.0125,46.3125,sit_to_stand
1075,sit_to_stand,-5.037,-5.49195,-7.39095,1.070025,-0.92015,-0.7500625,-10.3125,1.6125001,46.21875,-97.51383,127.364525,26.477781,1.070025,-0.92015,-0.7500625,0.345847,-0.429852,-0.305946,-7.195244,-3.308371,-5.758366,-10.3125,1.6125001,46.21875,sit_to_stand
1091,sit_to_stand,-5.88,-5.406,-6.0480003,0.85635,-0.74415,-0.8160625,-10.3125,1.6125001,46.21875,-97.6247,127.42763,27.777344,0.85635,-0.74415,-0.8160625,0.265962,-0.468809,-0.254451,-7.167701,-3.54561,-5.646194,-10.3125,1.6125001,46.21875,sit_to_stand
1107,sit_to_stand,-6.3040504,-5.5470004,-5.0539503,0.80135,-0.890725,-0.8613,-9.675,2.86875,45.99375,-97.7036,127.19998,29.017147,0.80135,-0.890725,-0.8613,0.137318,-0.453886,-0.057364,-7.04994,-4.062607,-5.443979,-9.675,2.86875,45.99375,sit_to_stand
1124,sit_to_stand,-6.144,-5.9490004,-4.28595,0.8624,-1.3195875,-0.8966375,-9.337501,3.54375,45.881252,-97.62029,126.37163,30.301786,0.8624,-1.3195875,-0.8966375,0.038901,-0.425695,0.120134,-6.972224,-4.324115,-5.344865,-9.337501,3.54375,45.881252,sit_to_stand
1146,sit_to_stand,-6.393,-6.5209503,-4.6420503,0.9821625,-2.1968374,-1.1826375,-8.962501,4.21875,45.787502,-96.91351,123.285164,33.59481,0.9821625,-2.1968374,-1.1826375,0.199,-0.400255,0.32156,-6.899187,-4.579705,-5.225587,-8.962501,4.21875,45.787502,sit_to_stand
1163,sit_to_stand,-6.0139503,-6.354,-5.9620504,0.80135,-2.46675,-1.3732125,-8.606251,4.89375,45.65625,-96.03436,121.32842,35.42131,0.80135,-2.46675,-1.3732125,0.210054,-0.3841,0.09046,-6.841111,-4.821652,-5.078752,-8.606251,4.89375,45.65625,sit_to_stand
1179,sit_to_stand,-7.7760005,-6.9480004,-3.3370502,0.5350125,-2.5474625,-1.3952125,-8.19375,5.5875,45.506252,-95.52757,119.465065,37.40143,0.5350125,-2.5474625,-1.3952125,0.137688,-0.347702,-0.022871,-6.806875,-5.048517,-4.895088,-8.19375,5.5875,45.506252,sit_to_stand
1197,sit_to_stand,-8.46105,-7.5370502,-2.9299502,0.5020125,-1.866975,-1.2876875,-7.7625003,6.2625003,45.35625,-95.64396,117.54378,38.66513,0.5020125,-1.866975,-1.2876875,-0.263752,-0.299317,0.328163,-6.796649,-5.486931,-4.403176,-7.7625003,6.2625003,45.35625,sit_to_stand
1216,sit_to_stand,-9.25395,-8.31705,-3.3690002,0.6413,-1.480875,-0.8820625,-7.3125005,6.95625,45.206253,-95.62378,114.81282,40.76293,0.6413,-1.480875,-0.8820625,-0.400512,-0.338296,0.425267,-6.802598,-5.691372,-4.130291,-7.3125005,6.95625,45.206253,sit_to_stand
1245,sit_to_stand,-7.5540004,-8.571,-3.6870003,0.63635,-1.4173499,-0.8441125,-6.8437505,7.65,45.05625,-95.35965,113.42705,41.626457,0.63635,-1.4173499,-0.8441125,-0.421924,-0.365412,0.432374,-6.805567,-5.878314,-3.862943,-6.8437505,7.65,45.05625,sit_to_stand
1270,sit_to_stand,-7.6470003,-10.323001,-2.8270502,0.6633,-1.3990625,-1.2742125,-5.8500004,8.981251,44.7,-93.89642,110.75923,44.259445,0.6633,-1.3990625,-1.2742125,-0.250329,-0.456432,0.321366,-6.795711,-6.193796,-3.371274,-5.8500004,8.981251,44.7,sit_to_stand
1288,sit_to_stand,-7.8559504,-10.857,-2.35095,0.677875,-1.3453,-1.7556,-4.8,10.275001,44.362503,-92.50789,108.17817,47.67306,0.677875,-1.3453,-1.7556,-0.203783,-0.543473,0.2861,-6.738747,-6.473208,-2.939126,-4.8,10.275001,44.362503,sit_to_stand
1308,sit_to_stand,-9.069,-10.486051,-1.9650002,0.6180625,-1.1925375,-1.874125,-4.2375,10.931251,44.175003,-92.01828,107.01591,49.533745,0.6180625,-1.1925375,-1.874125,-0.233212,-0.539961,0.393047,-6.685605,-6.613937,-2.737508,-4.2375,10.931251,44.175003,sit_to_stand
1331,sit_to_stand,-10.120951,-10.939051,-1.5439501,0.5825875,-1.066725,-1.8337,-3.6750002,11.587501,43.96875,-91.67814,106.0226,51.36503,0.5825875,-1.066725,-1.8337,-0.322525,-0.522035,0.316519,-6.51674,-6.920904,-2.348147,-3.6750002,11.587501,43.96875,sit_to_stand
1347,sit_to_stand,-11.739,-10.960051,-1.55595,0.6290625,-1.0495375,-1.599125,-3.0937502,12.243751,43.706253,-91.31295,105.03913,53.088535,0.6290625,-1.0495375,-1.599125,-0.322525,-0.522035,0.316519,-6.51674,-6.920904,-2.348147,-3.0937502,12.243751,43.706253,sit_to_stand
1363,sit_to_stand,-12.06,-10.504951,-1.3770001,0.793925,-0.7601,-0.6609625,-1.9312501,13.63125,43.18125,-90.014755,102.551956,55.53343,0.793925,-0.7601,-0.6609625,-0.382387,-0.382476,0.260437,-6.270686,-7.253655,-1.982701,-1.9312501,13.63125,43.18125,sit_to_stand
1379,sit_to_stand,-11.20995,-9.672001,-1.53495,0.8771125,-0.41799998,-0.2088625,-1.35,14.38125,42.84375,-88.95127,101.15342,56.095016,0.8771125,-0.41799998,-0.2088625,-0.354086,-0.275441,0.296615,-6.140569,-7.410784,-1.809428,-1.35,14.38125,42.84375,sit_to_stand
1395,sit_to_stand,-8.99295,-8.547,-1.26405,0.9222125,-0.05995,0.1197625,-1.35,14.38125,42.84375,-87.65922,99.82853,56.303802,0.9222125,-0.05995,0.1197625,-0.335092,-0.164108,0.289387,-6.021464,-7.549032,-1.645433,-1.35,14.38125,42.84375,sit_to_stand
1411,sit_to_stand,-8.073,-8.070001,-1.2570001,0.925925,0.3212,0.3568125,-0.1875,15.918751,42.225002,-86.24077,98.7075,56.260784,0.925925,0.3212,0.3568125,-0.259447,-0.02316,0.262782,-5.85353,-7.74414,-1.352883,-0.1875,15.918751,42.225002,sit_to_stand
1427,sit_to_stand,-7.39305,-7.8210006,-1.116,0.91245,0.5435375,0.510675,0.39375,16.706251,41.8875,-84.79296,97.84679,56.028973,0.91245,0.5435375,0.510675,-0.159747,0.136144,0.234139,-5.815563,-7.795997,-1.227394,0.39375,16.706251,41.8875,sit_to_stand
1443,sit_to_stand,-6.5119505,-7.1410503,-1.2400501,0.875875,0.649825,0.6023875,0.39375,16.706251,41.8875,-83.38836,97.18213,55.497387,0.875875,0.649825,0.6023875,0.092274,0.372782,0.158609,-5.815196,-7.813802,-1.120237,0.39375,16.706251,41.8875,sit_to_stand
1459,sit_to_stand,-5.892,-6.5520005,-1.5079501,0.7951625,0.59482497,0.5913875,0.95625,17.493752,41.550003,-81.35004,96.69018,53.941643,0.7951625,0.59482497,0.5913875,0.256592,0.453884,0.110716,-5.847535,-7.80145,-1.03819,0.95625,17.493752,41.550003,sit_to_stand
1476,sit_to_stand,-5.2720504,-5.7649503,-1.5870001,0.70235,0.3760625,0.5314375,2.04375,18.993752,40.875,-80.350006,96.13021,53.594635,0.70235,0.3760625,0.5314375,0.464166,0.563893,0.053752,-5.899239,-7.770446,-0.975989,2.04375,18.993752,40.875,sit_to_stand
1496,sit_to_stand,-4.4700003,-4.9630504,-1.6690501,0.4360125,-0.3117125,0.2822875,2.60625,19.743752,40.575,-79.57018,95.474655,53.33883,0.4360125,-0.3117125,0.2822875,0.683423,0.646991,0.003586,-5.960604,-7.729493,-0.926421,2.60625,19.743752,40.575,sit_to_stand
1516,sit_to_stand,-3.9790502,-4.479,-1.659,0.301675,-0.66715,0.157575,3.16875,20.4375,40.3125,-78.99703,94.6521,53.16548,0.301675,-0.66715,0.157575,0.89942,0.690432,-0.020593,-6.089226,-7.639207,-0.838395,3.16875,20.4375,40.3125,sit_to_stand
1536,sit_to_stand,-3.6079502,-4.0480504,-1.491,0.0658625,-1.27435,-0.140525,3.7687502,21.09375,40.0875,-78.44349,92.651146,53.13251,0.0658625,-1.27435,-0.140525,0.87571,0.676733,-0.009609,-6.146363,-7.59918,-0.786632,3.7687502,21.09375,40.0875,sit_to_stand
1554,sit_to_stand,-3.2440503,-3.732,-0.855,-0.0111375,-1.4491125,-0.2468125,4.3875003,21.712502,39.862503,-78.39983,91.50194,53.281487,-0.0111375,-1.4491125,-0.2468125,0.804421,0.643994,0.008076,-6.186119,-7.573209,-0.720723,4.3875003,21.712502,39.862503,sit_to_stand
1571,sit_to_stand,-3.045,-3.45195,-0.66495,-0.0807125,-1.546875,-0.33467498,5.7000003,22.837502,39.412502,-78.45307,90.30506,53.511242,-0.0807125,-1.546875,-0.33467498,0.724313,0.612388,0.032276,-6.218625,-7.560995,-0.533324,5.7000003,22.837502,39.412502,sit_to_stand
1587,sit_to_stand,-2.7940502,-3.2749503,-0.77805007,-0.1442375,-1.5602125,-0.4239125,6.4125004,23.325,39.206253,-78.595024,89.12838,53.81394,-0.1442375,-1.5602125,-0.4239125,0.653344,0.594357,0.046309,-6.215844,-7.569744,-0.421944,6.4125004,23.325,39.206253,sit_to_stand
1603,sit_to_stand,-2.904,-3.0660002,-0.68205005,-0.20899999,-1.48335,-0.5044875,6.4125004,23.325,39.206253,-78.81087,88.01802,54.19329,-0.20899999,-1.48335,-0.5044875,0.486765,0.508716,0.082343,-6.199984,-7.587942,-0.304768,6.4125004,23.325,39.206253,sit_to_stand
1622,sit_to_stand,-3.1560001,-2.877,-0.90000004,-0.341,-1.0520124,-0.577775,7.89375,24.225,38.756252,-79.4824,86.39721,55.12139,-0.341,-1.0520124,-0.577775,0.385331,0.448649,0.09112,-6.171244,-7.614995,-0.18809,7.89375,24.225,38.756252,sit_to_stand
1641,sit_to_stand,-4.1680503,-3.1050003,-0.64905006,-0.4252875,-0.7833375,-0.5374875,8.64375,24.618752,38.568752,-79.966675,85.99344,55.613983,-0.4252875,-0.7833375,-0.5374875,0.282682,0.395927,0.119332,-6.131053,-7.649529,-0.078438,8.64375,24.618752,38.568752,sit_to_stand
1660,sit_to_stand,-4.61805,-3.624,-0.43095002,-0.4827625,-0.4852375,-0.417725,9.356251,24.956251,38.381252,-80.57232,85.9252,56.057816,-0.4827625,-0.4852375,-0.417725,0.038085,0.213983,0.147847,-6.027752,-7.732247,0.093529,9.356251,24.956251,38.381252,sit_to_stand
1680,sit_to_stand,-4.97805,-4.3380003,-0.23895001,-0.5572875,0.2074875,-0.030524999,10.05,25.275002,38.2125,-82.0577,86.824265,56.55586,-0.5572875,0.2074875,-0.030524999,-0.069881,0.087675,0.15469,-5.973025,-7.774573,0.144734,10.05,25.275002,38.2125,sit_to_stand
1699,sit_to_stand,-5.4970503,-6.2700005,-0.67695004,-0.63414997,0.54835,0.19305,10.743751,25.556252,38.081253,-82.933266,87.82756,56.541313,-0.63414997,0.54835,0.19305,-0.160372,-0.042025,0.123238,-5.923278,-7.81272,0.167017,10.743751,25.556252,38.081253,sit_to_stand
1719,sit_to_stand,-5.301,-7.14405,-1.1389501,-0.7783875,0.7634,0.3568125,12.0375,25.987501,37.912502,-83.96056,89.20788,56.34292,-0.7783875,0.7634,0.3568125,-0.263994,-0.340918,0.006212,-5.859586,-7.861407,0.112388,12.0375,25.987501,37.912502,sit_to_stand
1735,sit_to_stand,-4.9180503,-8.04405,-1.2379501,-0.97625,0.7706875,0.35805,12.656251,26.1375,37.912502,-85.63936,91.41085,55.95691,-0.97625,0.7706875,0.35805,-0.273548,-0.488823,-0.031192,-5.846895,-7.869885,0.022006,12.656251,26.1375,37.912502,sit_to_stand
1752,sit_to_stand,-4.7530503,-8.700001,-1.1590501,-1.397825,0.3883,-0.185625,13.25625,26.250002,37.93125,-89.96108,96.41136,55.943893,-1.397825,0.3883,-0.185625,-0.261533,-0.618331,-0.044898,-5.835332,-7.874926,-0.109489,13.25625,26.250002,37.93125,sit_to_stand
1768,sit_to_stand,-4.9339504,-8.83395,-0.89805007,-1.536975,0.103675,-0.5949625,13.81875,26.2875,38.006252,-92.30843,98.65403,56.296947,-1.536975,0.103675,-0.5949625,-0.252758,-0.705391,-0.022896,-5.815411,-7.882705,-0.271984,13.81875,26.2875,38.006252,sit_to_stand
1786,sit_to_stand,-7.1710505,-8.916,-0.41400003,-1.6286875,-0.062425,-0.9296375,14.3625,26.2875,38.1375,-94.765976,100.71314,56.694218,-1.6286875,-0.062425,-0.9296375,-0.27965,-0.75522,-5.82E-4,-5.782392,-7.896302,-0.454114,14.3625,26.2875,38.1375,sit_to_stand
1806,sit_to_stand,-8.00895,-8.73795,-0.22995001,-1.70445,-0.0831875,-1.1141624,14.906251,26.212502,38.30625,-97.55011,102.982544,57.22621,-1.70445,-0.0831875,-1.1141624,-0.39393,-0.720158,0.021494,-5.664697,-7.946536,-0.85669,14.906251,26.212502,38.30625,sit_to_stand
1826,sit_to_stand,-8.76795,-8.52495,0.279,-1.684925,-0.0026125,-1.1642125,15.4125,26.081251,38.53125,-103.70379,108.097694,58.329514,-1.684925,-0.0026125,-1.1642125,-0.450484,-0.635994,0.046627,-5.569462,-7.988815,-1.065349,15.4125,26.081251,38.53125,sit_to_stand
1843,sit_to_stand,-9.59895,-8.278951,0.67005,-1.524875,-0.012375,-1.0311126,16.425001,25.66875,39.09375,-106.76278,110.70731,58.762268,-1.524875,-0.012375,-1.0311126,-0.506569,-0.519448,0.091748,-5.455009,-8.038537,-1.264702,16.425001,25.66875,39.09375,sit_to_stand
1860,sit_to_stand,-10.779,-7.9410005,0.588,-1.29635,-0.09185,-0.78925,16.425001,25.66875,39.09375,-109.507095,113.03044,59.05228,-1.29635,-0.09185,-0.78925,-0.575692,-0.382082,0.14163,-5.332499,-8.088102,-1.455221,16.425001,25.66875,39.09375,sit_to_stand
1878,sit_to_stand,-10.70505,-7.77405,0.34905002,-1.0434875,-0.2517625,-0.4593875,17.362501,24.975,39.825,-111.85495,114.62302,58.963505,-1.0434875,-0.2517625,-0.4593875,-0.709493,-0.104568,0.197755,-5.097764,-8.167696,-1.815203,17.362501,24.975,39.825,sit_to_stand
1898,sit_to_stand,-10.2949505,-7.6729503,0.13800001,-0.586575,-0.6133875,0.31405,17.8125,24.525002,40.2,-114.50835,116.21836,58.565754,-0.586575,-0.6133875,0.31405,-0.720105,0.013699,0.185189,-4.998292,-8.194278,-1.976371,17.8125,24.525002,40.2,sit_to_stand
1917,sit_to_stand,-8.93805,-7.5799503,-0.22500001,-0.3422375,-0.818675,0.648725,18.2625,24.018751,40.59375,-114.92909,116.01331,58.057972,-0.3422375,-0.818675,0.648725,-0.670309,0.088864,0.152298,-4.924193,-8.207637,-2.114596,18.2625,24.018751,40.59375,sit_to_stand
1933,sit_to_stand,-7.9110003,-7.5010505,-0.73005,-0.08195,-1.0520124,0.8930625,18.69375,23.493752,41.006252,-114.78822,115.14793,57.412304,-0.08195,-1.0520124,0.8930625,-0.532736,0.132126,0.10424,-4.8843,-8.205473,-2.222405,18.69375,23.493752,41.006252,sit_to_stand
1951,sit_to_stand,-7.0200005,-7.46505,-1.3770001,0.1123375,-1.243825,1.0091125,19.1625,22.931252,41.362503,-114.227715,112.72876,55.954376,0.1123375,-1.243825,1.0091125,-0.094241,0.16355,-0.063206,-4.941429,-8.14606,-2.31161,19.1625,22.931252,41.362503,sit_to_stand
1967,sit_to_stand,-6.168,-7.3399506,-1.8769501,0.185625,-1.3673,1.0263,19.612501,22.35,41.71875,-113.289764,109.793144,54.1843,0.185625,-1.3673,1.0263,0.124215,0.160035,-0.173227,-5.050741,-8.082908,-2.282109,19.612501,22.35,41.71875,sit_to_stand
1985,sit_to_stand,-5.55,-7.2319503,-1.8460501,0.130625,-1.364825,0.8380625,20.1,21.768751,42.018753,-112.70198,105.69099,51.546864,0.130625,-1.364825,0.8380625,0.329323,0.148135,-0.251731,-5.195552,-8.004472,-2.215763,20.1,21.768751,42.018753,sit_to_stand
2004,sit_to_stand,-5.2579503,-7.0740004,-1.4770501,0.1648625,-1.1950125,0.69025,21.075,20.56875,42.5625,-112.5471,104.06731,50.68206,0.1648625,-1.1950125,0.69025,0.500554,0.142862,-0.27274,-5.359586,-7.91873,-2.119928,21.075,20.56875,42.5625,sit_to_stand
2024,sit_to_stand,-4.93695,-6.50895,-1.2019501,0.2503875,-0.95315,0.53267497,21.525002,19.95,42.80625,-112.30891,102.63641,49.985004,0.2503875,-0.95315,0.53267497,0.696849,0.159368,-0.233633,-5.700379,-7.74439,-1.867698,21.525002,19.95,42.80625,sit_to_stand
2042,sit_to_stand,-4.7640004,-6.4279504,-1.2400501,0.384725,-0.2189,0.24805,21.975,19.368752,43.050003,-111.55306,100.573425,49.1548,0.384725,-0.2189,0.24805,0.712779,0.162106,-0.208838,-5.85513,-7.664662,-1.731546,21.975,19.368752,43.050003,sit_to_stand
2059,sit_to_stand,-4.7860503,-6.426,-1.0510501,0.4445375,0.2404875,0.0952875,22.368752,18.806252,43.256252,-111.11061,100.03513,48.94034,0.4445375,0.2404875,0.0952875,0.681086,0.159722,-0.174892,-5.973181,-7.602376,-1.612755,22.368752,18.806252,43.256252,sit_to_stand
2078,sit_to_stand,-4.98495,-6.4759502,-0.84495,0.5374875,0.6681125,-0.078099996,22.706251,18.28125,43.4625,-110.61073,99.83077,48.866344,0.5374875,0.6681125,-0.078099996,0.615798,0.158344,-0.136467,-6.058278,-7.557784,-1.51214,22.706251,18.28125,43.4625,sit_to_stand
2097,sit_to_stand,-5.4040504,-6.6529503,-0.80895007,0.6485875,1.0797875,-0.245575,22.987501,17.775002,43.706253,-110.04371,99.90576,48.927525,0.6485875,1.0797875,-0.245575,0.357295,0.127797,-1.0E-4,-6.149837,-7.513678,-1.370835,22.987501,17.775002,43.706253,sit_to_stand
2114,sit_to_stand,-6.0000005,-6.7849503,-0.8880001,0.9211125,1.7309875,-0.4202,23.212502,17.306252,43.987503,-108.36876,100.64383,49.483616,0.9211125,1.7309875,-0.4202,0.192295,0.101437,0.062268,-6.160226,-7.51249,-1.333555,23.212502,17.306252,43.987503,sit_to_stand
2130,sit_to_stand,-6.4020004,-6.7870502,-1.13505,1.0322125,1.964325,-0.4189625,23.34375,16.9125,44.268753,-107.22806,101.26576,49.787083,1.0322125,1.964325,-0.4189625,0.042872,0.082253,0.075338,-6.1534,-7.521213,-1.316236,23.34375,16.9125,44.268753,sit_to_stand
2147,sit_to_stand,-6.6319504,-6.9090004,-1.695,1.070025,2.0950875,-0.4019125,23.400002,16.275002,44.831253,-106.132484,102.17155,50.033096,1.070025,2.0950875,-0.4019125,-0.069979,0.050902,0.023645,-6.134267,-7.53584,-1.320852,23.400002,16.275002,44.831253,sit_to_stand
2163,sit_to_stand,-6.7759504,-7.15605,-2.2720501,1.008975,2.1219,-0.383625,23.325,16.050001,45.112503,-105.19654,103.36145,50.254982,1.008975,2.1219,-0.383625,-0.148972,-0.001162,-0.056064,-6.105983,-7.553327,-1.349796,23.325,16.050001,45.112503,sit_to_stand
2180,sit_to_stand,-7.1710505,-7.29195,-2.8470001,0.87835,2.0535624,-0.345675,23.325,16.050001,45.112503,-104.46142,104.74397,50.408295,0.87835,2.0535624,-0.345675,-0.207895,-0.046166,-0.125242,-6.071186,-7.570955,-1.403708,23.325,16.050001,45.112503,sit_to_stand
2196,sit_to_stand,-7.293,-7.2559505,-2.703,0.726825,1.90575,-0.2651,22.96875,15.7875,45.581253,-103.85388,106.11551,50.45246,0.726825,1.90575,-0.2651,-0.263129,-0.079647,-0.168466,-6.002361,-7.5896,-1.576967,22.96875,15.7875,45.581253,sit_to_stand
2217,sit_to_stand,-7.314,-7.21605,-2.38905,0.4653,1.5684625,-0.019524999,22.743752,15.750001,45.787502,-102.67851,108.249664,50.182987,0.4653,1.5684625,-0.019524999,-0.319298,-0.10262,-0.189261,-5.977925,-7.584024,-1.68822,22.743752,15.750001,45.787502,sit_to_stand
2233,sit_to_stand,-7.3069506,-7.2400503,-2.1019502,0.3920125,1.4108875,0.123475,22.44375,15.76875,45.99375,-102.00648,108.92774,49.904255,0.3920125,1.4108875,0.123475,-0.312537,-0.102268,-0.177337,-5.961647,-7.569042,-1.808068,22.44375,15.76875,45.99375,sit_to_stand
2257,sit_to_stand,-7.2499504,-7.1080503,-1.8550501,0.345675,1.2533125,0.2822875,22.06875,15.8625,46.18125,-101.25176,109.360054,49.523964,0.345675,1.2533125,0.2822875,-0.283531,-0.090312,-0.162239,-5.9555,-7.545378,-1.926043,22.06875,15.8625,46.18125,sit_to_stand
2276,sit_to_stand,-7.1640005,-6.9859505,-1.8240001,0.2429625,1.0492625,0.63414997,21.675001,16.03125,46.331253,-99.66461,109.79181,48.386444,0.2429625,1.0492625,0.63414997,-0.164162,-0.046927,-0.118363,-5.988888,-7.467988,-2.120374,21.675001,16.03125,46.331253,sit_to_stand
2295,sit_to_stand,-6.1459503,-6.2410502,-2.42505,0.17215,0.947925,0.7599625,20.79375,16.556252,46.59375,-99.00168,110.07658,47.628258,0.17215,0.947925,0.7599625,-0.090338,-0.006143,-0.089315,-6.032243,-7.412877,-2.18984,20.79375,16.556252,46.59375,sit_to_stand
2314,sit_to_stand,-5.5210505,-5.8390503,-2.631,0.047575,0.8171625,0.7990125,20.2875,16.9125,46.66875,-98.57772,110.55751,46.831932,0.047575,0.8171625,0.7990125,0.093239,0.120253,-0.023212,-6.156875,-7.273641,-2.302938,20.2875,16.9125,46.66875,sit_to_stand
2333,sit_to_stand,-5.1400504,-5.47305,-2.6260502,-0.319,0.5105375,0.7244875,19.78125,17.306252,46.74375,-98.13179,111.38471,45.572117,-0.319,0.5105375,0.7244875,0.180146,0.180234,0.002404,-6.227082,-7.195703,-2.356927,19.78125,17.306252,46.74375,sit_to_stand
2352,sit_to_stand,-4.95405,-5.3029504,-2.2380002,-0.5071,0.335775,0.692725,19.237501,17.75625,46.8375,-98.08889,111.84412,45.031246,-0.5071,0.335775,0.692725,0.242212,0.216997,0.012366,-6.298169,-7.113827,-2.415282,19.237501,17.75625,46.8375,sit_to_stand
2373,sit_to_stand,-5.02995,-5.499,-1.8750001,-0.6683875,0.175725,0.67925,18.075,18.825,47.025,-98.397705,112.29418,44.326973,-0.6683875,0.175725,0.67925,0.278873,0.234359,0.016319,-6.432612,-6.942855,-2.554777,18.075,18.825,47.025,sit_to_stand
2390,sit_to_stand,-5.1600003,-5.6950502,-1.4959501,-0.85415,-0.045375,0.7599625,17.456251,19.3875,47.11875,-99.38944,113.09939,42.759266,-0.85415,-0.045375,0.7599625,0.290131,0.219143,0.040724,-6.493626,-6.855772,-2.63441,17.456251,19.3875,47.11875,sit_to_stand
2411,sit_to_stand,-5.2429504,-5.7979503,-0.76395005,-0.86625,-0.062425,0.8405375,16.837502,19.987501,47.193752,-99.93028,113.41405,41.8757,-0.86625,-0.062425,0.8405375,0.275662,0.194989,0.07212,-6.552869,-6.767508,-2.713928,16.837502,19.987501,47.193752,sit_to_stand
2430,sit_to_stand,-5.48505,-5.7979503,-0.483,-0.824725,0.0364375,0.89925,16.1625,20.587502,47.268753,-100.418976,113.706406,40.933468,-0.824725,0.0364375,0.89925,0.215448,0.144824,0.163426,-6.681201,-6.57304,-2.871611,16.1625,20.587502,47.268753,sit_to_stand
2449,sit_to_stand,-5.919,-5.81505,-0.651,-0.619575,0.4494875,1.0153,15.4875,21.206251,47.325,-100.724464,114.46452,39.28475,-0.619575,0.4494875,1.0153,0.120727,0.099707,0.197164,-6.750792,-6.46501,-2.951486,15.4875,21.206251,47.325,sit_to_stand
2467,sit_to_stand,-6.1800003,-5.8630505,-1.2210001,-0.570625,0.616825,1.089825,13.9875,22.368752,47.325,-100.84068,114.95593,38.29094,-0.570625,0.616825,1.089825,0.018078,0.047617,0.192735,-6.82244,-6.350117,-3.033588,13.9875,22.368752,47.325,sit_to_stand
2488,sit_to_stand,-6.366,-6.4230003,-1.9440001,-0.5621,0.75734997,1.1435875,13.200001,22.931252,47.23125,-100.7721,115.3571,37.380413,-0.5621,0.75734997,1.1435875,-0.118144,-0.078111,0.121995,-6.964772,-6.109507,-3.199174,13.200001,22.931252,47.23125,sit_to_stand
2508,sit_to_stand,-6.3160505,-6.7540503,-2.3370001,-0.614625,0.8672125,1.155825,12.39375,23.456251,47.100002,-100.38904,116.03059,36.131424,-0.614625,0.8672125,1.155825,-0.149973,-0.131992,0.05316,-7.02719,-6.000257,-3.271437,12.39375,23.456251,47.100002,sit_to_stand
2524,sit_to_stand,-6.43095,-6.8370004,-2.76795,-0.6721,0.931975,1.1301125,11.56875,23.98125,46.93125,-100.360245,116.64619,35.531563,-0.6721,0.931975,1.1301125,-0.168019,-0.153975,-0.034032,-7.077742,-5.903132,-3.341843,11.56875,23.98125,46.93125,sit_to_stand
2541,sit_to_stand,-5.8279505,-6.9090004,-2.8249502,-0.752675,1.1103125,1.0971125,10.70625,24.468752,46.78125,-100.46732,117.51688,34.955494,-0.752675,1.1103125,1.0971125,-0.159415,-0.156413,-0.128629,-7.114636,-5.817984,-3.414846,10.70625,24.468752,46.78125,sit_to_stand
2561,sit_to_stand,-5.8489504,-6.8209505,-2.301,-0.7929625,1.462175,0.9945375,9.806251,24.937502,46.575,-100.59482,118.530174,34.557194,-0.7929625,1.462175,0.9945375,-0.102003,-0.142342,-0.191835,-7.134536,-5.696519,-3.575614,9.806251,24.937502,46.575,sit_to_stand
2580,sit_to_stand,-6.3450003,-6.6840005,-2.01795,-0.4728625,2.0840874,0.6964375,8.868751,25.35,46.29375,-100.43365,120.7338,34.11309,-0.4728625,2.0840874,0.6964375,-0.10897,-0.13098,-0.201364,-7.11514,-5.666833,-3.658895,8.868751,25.35,46.29375,sit_to_stand
2598,sit_to_stand,-7.2040505,-6.0880504,-3.3690002,-0.16499999,2.0070875,0.5803875,6.9187503,25.800001,45.525,-100.06896,121.83676,33.936874,-0.16499999,2.0070875,0.5803875,-0.124526,-0.108501,-0.219071,-7.080267,-5.647206,-3.754357,6.9187503,25.800001,45.525,sit_to_stand
2614,sit_to_stand,-7.2019506,-6.22695,-4.2709503,0.091437496,1.6564626,0.5204375,5.9812503,25.85625,45.15,-99.61478,122.89885,33.744404,0.091437496,1.6564626,0.5204375,-0.12966,-0.071011,-0.255765,-7.035043,-5.631935,-3.860213,5.9812503,25.85625,45.15,sit_to_stand
2633,sit_to_stand,-7.3020005,-6.6169505,-4.4440503,0.180675,1.3143625,0.5229125,5.1000004,25.81875,44.831253,-99.13479,123.796875,33.62241,0.180675,1.3143625,0.5229125,-0.13056,-0.03971,-0.316685,-6.923772,-5.610403,-4.086247,5.1000004,25.81875,44.831253,sit_to_stand
2653,sit_to_stand,-7.4370003,-6.9019504,-4.0800004,0.1159125,1.0835,0.7000125,4.275,25.687502,44.53125,-98.20531,125.24597,33.038746,0.1159125,1.0835,0.7000125,-0.138473,-0.030968,-0.27301,-6.86817,-5.598691,-4.194941,4.275,25.687502,44.53125,sit_to_stand
2672,sit_to_stand,-7.3020005,-6.5620503,-2.0040002,0.3444375,0.8734,0.8173,3.54375,25.518751,44.287502,-97.39871,125.3336,32.935684,0.3444375,0.8734,0.8173,-0.137522,-0.020369,-0.167706,-6.819979,-5.579018,-4.298875,3.54375,25.518751,44.287502,sit_to_stand
2691,sit_to_stand,-6.8640003,-6.39195,-1.1850001,0.91987497,0.6045875,0.9273,2.86875,25.331251,44.081253,-95.95464,124.49861,33.13543,0.91987497,0.6045875,0.9273,-0.131939,0.039345,0.097704,-6.774987,-5.551821,-4.407386,2.86875,25.331251,44.081253,sit_to_stand
2707,sit_to_stand,-6.71295,-6.8299503,-3.1890001,1.677225,0.48125,1.0605375,1.6500001,24.88125,43.65,-91.35478,121.62399,34.099506,1.677225,0.48125,1.0605375,-0.125291,0.013775,-0.096145,-6.784637,-5.560947,-4.378657,1.6500001,24.88125,43.65,sit_to_stand
2723,sit_to_stand,-8.21205,-7.6440005,-29.469002,2.129325,0.0121,1.222925,1.1812501,24.675001,43.425003,-89.26799,120.03451,33.887794,2.129325,0.0121,1.222925,-0.184292,-0.040617,-1.941129,-6.814682,-5.577715,-4.304709,1.1812501,24.675001,43.425003,sit_to_stand
2739,sit_to_stand,-6.22695,-4.49595,-24.442951,-3.004375,-0.99825,1.2596375,1.1812501,24.675001,43.425003,-90.16836,119.36947,32.066563,-3.004375,-0.99825,1.2596375,-0.020774,0.131352,-2.339498,-6.876063,-5.581746,-4.193998,1.1812501,24.675001,43.425003,sit_to_stand
2759,sit_to_stand,-6.29895,-4.9120502,1.9939501,-2.077075,0.197725,0.686675,0.45000002,24.093752,43.0125,-92.01348,119.82944,30.180874,-2.077075,0.197725,0.686675,0.243941,0.34201,-1.025191,-6.96765,-5.551514,-4.078198,0.45000002,24.093752,43.0125,sit_to_stand
2780,sit_to_stand,-8.62395,-6.12195,-0.69900006,-0.9384375,0.9295,0.7550125,0.112500004,23.681252,42.84375,-92.73131,120.06315,29.262606,-0.9384375,0.9295,0.7550125,0.004213,0.176895,0.144828,-7.180902,-5.416426,-3.887671,0.112500004,23.681252,42.84375,sit_to_stand
2797,sit_to_stand,-10.113001,-5.19,-7.1779504,-0.5572875,0.0144375,1.3512125,-0.1875,23.23125,42.675003,-92.15661,120.3652,27.776814,-0.5572875,0.0144375,1.3512125,-0.178656,0.20307,-0.153801,-7.282675,-5.31437,-3.839363,-0.1875,23.23125,42.675003,sit_to_stand
2815,sit_to_stand,-8.44005,-3.6700501,-10.6710005,-1.376925,-0.8883875,1.602975,-0.4875,22.743752,42.525,-92.12861,120.07961,26.393543,-1.376925,-0.8883875,1.602975,-0.286165,0.272856,-0.672013,-7.383075,-5.174158,-3.839948,-0.4875,22.743752,42.525,sit_to_stand
2831,sit_to_stand,-6.8620505,-3.8920503,-5.7960005,-1.8277875,-1.2133,1.5222625,-0.73125005,22.21875,42.375,-92.661415,119.4384,24.5846,-1.8277875,-1.2133,1.5222625,-0.217357,0.325259,-0.886539,-7.48875,-5.000188,-3.867549,-0.73125005,22.21875,42.375,sit_to_stand
2850,sit_to_stand,-7.05105,-4.05795,-3.4999502,-1.5736874,-0.8041,1.2131625,-0.93750006,21.6375,42.225002,-93.560234,119.10021,22.882017,-1.5736874,-0.8041,1.2131625,-0.086283,0.355291,-0.325052,-7.685837,-4.627932,-3.936432,-0.93750006,21.6375,42.225002,sit_to_stand
2868,sit_to_stand,-8.76795,-3.7390501,-5.571,-1.02025,-0.078375,0.835725,-1.2375001,20.268751,41.9625,-94.52727,119.020645,20.809532,-1.02025,-0.078375,0.835725,-0.082182,0.42716,1.486006,-7.78111,-4.446154,-3.953801,-1.2375001,20.268751,41.9625,sit_to_stand
2889,sit_to_stand,-10.425,-2.568,-7.8030005,-0.674575,0.3260125,0.5399625,-1.40625,19.518751,41.86875,-94.79173,119.38344,20.116184,-0.674575,0.3260125,0.5399625,-0.31039,0.303521,1.740672,-7.866789,-4.252373,-3.997945,-1.40625,19.518751,41.86875,sit_to_stand
2909,sit_to_stand,-10.021951,-2.52495,-6.38805,-0.6964375,0.2332,0.515625,-1.5562501,18.768751,41.79375,-95.08823,119.73604,19.448517,-0.6964375,0.2332,0.515625,-0.553877,0.210874,-0.307301,-8.017742,-3.883465,-4.084372,-1.5562501,18.768751,41.79375,sit_to_stand
2929,sit_to_stand,-9.91695,-2.6790001,-5.55495,-0.5352875,0.1684375,0.35433748,-1.725,17.962502,41.756252,-95.65469,120.24713,18.255531,-0.5352875,0.1684375,0.35433748,-0.363877,0.32451,-0.444578,-8.065795,-3.728487,-4.138853,-1.725,17.962502,41.756252,sit_to_stand
2947,sit_to_stand,-8.81805,-2.26005,-4.4940004,-0.4338125,0.11715,0.2187625,-1.8937501,17.15625,41.756252,-95.79921,120.45201,17.873085,-0.4338125,0.11715,0.2187625,-0.142502,0.334582,-0.073563,-8.094242,-3.602751,-4.196898,-1.8937501,17.15625,41.756252,sit_to_stand
2966,sit_to_stand,-8.10705,-1.8930001,-4.044,-0.277475,0.103675,0.030524999,-2.23125,15.543751,42.037502,-95.815926,120.41642,17.394869,-0.277475,0.103675,0.030524999,0.035718,0.274653,0.653039,-8.126889,-3.393498,-4.308459,-2.23125,15.543751,42.037502,sit_to_stand
2986,sit_to_stand,-7.5370502,-1.6470001,-3.7489502,0.0988625,0.1659625,-0.3029125,-2.41875,14.7375,42.24375,-95.80078,120.476295,17.280378,0.0988625,0.1659625,-0.3029125,-0.022422,0.289058,0.454727,-8.142442,-3.299267,-4.352715,-2.41875,14.7375,42.24375,sit_to_stand
